Matrix Size,Time (ms)
8x8,0.0389696
16x16,0.0290624
32x32,0.0421696
64x64,0.0745344
128x128,0.130458
256x256,0.262829
512x512,0.69152
1024x1024,1.51914
2048x2048,3.64079
4096x4096,9.06114
8192x8192,28.8344
16384x16384,127.442
32768x32768,694.216