Matrix Size,Time (ms),Memory Usage (bytes)
8x8,0.042944,1220
16x16,0.0349632,2820
32x32,0.0421696,9092
64x64,0.140166,34436
128x128,0.132915,134276
256x256,0.263315,530564
512x512,0.697555,2109572
1024x1024,1.51968,8409220
2048x2048,3.65921,33623172
4096x4096,9.28235,134348932
8192x8192,28.7909,537264260
16384x16384,125.503,2148794500
32768x32768,687.254,8594653316